{
	"parent": "item/handheld",
	"textures": {
		"layer0": "item/diamond_hoe"
	},
	"overrides": [
		{ "_comment": "1", "predicate": {"damaged": 0, "damage": 0.00064}, "model": "item/slots/fill"},
		{ "_comment": "2", "predicate": {"damaged": 0, "damage": 0.00128}, "model": "item/slots/workbench"},
		{ "_comment": "3", "predicate": {"damaged": 0, "damage": 0.00192}, "model": "item/slots/info"},
		{ "_comment": "4", "predicate": {"damaged": 0, "damage": 0.00256}, "model": "item/slots/helmet"},
		{ "_comment": "5", "predicate": {"damaged": 0, "damage": 0.00320}, "model": "item/slots/chestplate"},
		{ "_comment": "6", "predicate": {"damaged": 0, "damage": 0.00384}, "model": "item/slots/leggings"},
		{ "_comment": "7", "predicate": {"damaged": 0, "damage": 0.00448}, "model": "item/slots/boots"},
		{ "_comment": "8", "predicate": {"damaged": 0, "damage": 0.00512}, "model": "item/slots/gloves"},
		{ "_comment": "9", "predicate": {"damaged": 0, "damage": 0.00576}, "model": "item/slots/weapon"},
		{ "_comment": "10", "predicate": {"damaged": 0, "damage": 0.00640}, "model": "item/slots/shield"},
		{ "_comment": "11", "predicate": {"damaged": 0, "damage": 0.00704}, "model": "item/slots/elytra"},
		{ "_comment": "12", "predicate": {"damaged": 0, "damage": 0.00768}, "model": "item/slots/ring"},
		{ "_comment": "13", "predicate": {"damaged": 0, "damage": 0.00832}, "model": "item/slots/amulet"},
		{ "_comment": "14", "predicate": {"damaged": 0, "damage": 0.00896}, "model": "item/slots/pet"},
		{ "_comment": "15", "predicate": {"damaged": 0, "damage": 0.00960}, "model": "item/slots/backpack"},
		{ "_comment": "16", "predicate": {"damaged": 0, "damage": 0.01024}, "model": "item/slots/artifact"},
		{ "_comment": "17", "predicate": {"damaged": 0, "damage": 0.01088}, "model": "item/slots/empty"},
		{ "_comment": "18", "predicate": {"damaged": 0, "damage": 0.01152}, "model": "item/slots/buyable"},
		{ "_comment": "19", "predicate": {"damaged": 0, "damage": 0.01216}, "model": "item/slots/locked"},
		{ "_comment": "20", "predicate": {"damaged": 0, "damage": 0.01280}, "model": "item/backpacks/small"},
		{ "_comment": "21", "predicate": {"damaged": 0, "damage": 0.01344}, "model": "item/backpacks/medium"},
		{ "_comment": "22", "predicate": {"damaged": 0, "damage": 0.01408}, "model": "item/backpacks/large"},
		{ "_comment": "23", "predicate": {"damaged": 0, "damage": 0.01472}, "model": "item/items/ring"},
		{ "_comment": "24", "predicate": {"damaged": 0, "damage": 0.01536}, "model": "item/items/gloves"},
		{ "_comment": "25", "predicate": {"damaged": 0, "damage": 0.01600}, "model": "item/items/amulet"},
		{ "_comment": "26", "predicate": {"damaged": 0, "damage": 0.01664}, "model": "item/items/scroll"},
        { "_comment": "27", "predicate": {"damaged": 0, "damage": 0.01728}, "model": "item/slots/extendable"},
		{ "_comment": "28+", "predicate": {"damaged": 0, "damage": 0.01792}, "model": "item/diamond_hoe"}
	]
}
