{
	"parent": "item/generated",
    "display": {
    "thirdperson_righthand": {
        "rotation": [ 0, 90, 325 ],
        "translation": [ 0.00, -1.50, -2.75 ],
        "scale": [ 1.00, 1.00, 1.00 ]
    },
    "thirdperson_lefthand": {
        "rotation": [ 0, 0, 0 ],
        "translation": [ 0.00, 0.00, 0.00 ],
        "scale": [ 1.00, 1.00, 1.00 ]
    },
    "firstperson_righthand": {
        "rotation": [ 0, 125, 350 ],
        "translation": [ 2.50, 1.00, -2.00 ],
        "scale": [ 1.00, 1.00, 1.00 ]
        }
    }
}