{
	"parent": "item/generated",
    "display": {
    "thirdperson_righthand": {
        "rotation": [ -50, 270, 0 ],
        "translation": [ 0.00, 4.50, -0.50 ],
        "scale": [ 1.60, 1.60, 1.00 ]
    },
    "thirdperson_lefthand": {
        "rotation": [ 0, 0, 0 ],
        "translation": [ 0.00, 0.00, 0.00 ],
        "scale": [ 1.00, 1.00, 1.00 ]
    },
    "firstperson_righthand": {
        "rotation": [ -25, -90, 0 ],
        "translation": [ 1.13, 3.20, 1.13 ],
        "scale": [ 0.68, 0.68, 0.68 ]
        }
    }
}
