{
	"parent": "item/generated",
    "display": {
    "thirdperson_righthand": {
        "rotation": [ -50, -90, 0 ],
        "translation": [ 0.00, -1.50, 1.25 ],
        "scale": [ 1.60, 1.60, 1.00 ]
    },
    "thirdperson_lefthand": {
        "rotation": [ 0, 0, 0 ],
        "translation": [ 0.00, 0.00, 0.00 ],
        "scale": [ 1.00, 1.00, 1.00 ]
    },
    "firstperson_righthand": {
        "rotation": [ 327, 296, 0 ],
        "translation": [ 1.63, 2.45, 1.13 ],
        "scale": [ 0.68, 0.68, 0.68 ]
        }
    }
}